template_id,template_title,device_type,section_id,section_title,question_id,question,input_type,input_options,requires_photo_on_fail,required,display_order
dry_riser_system,Dry Riser System Checklist,DR,b_general_riser_inspection,B. General Riser Inspection,dry_riser_system_q0001,Check pillar / riser outlet is visible at all times and not obstructed,status,Pass / Fail / N/A,True,False,1
dry_riser_system,Dry Riser System Checklist,DR,b_general_riser_inspection,B. General Riser Inspection,dry_riser_system_q0002,Ensure every pillar / riser outlet has landing valve,status,Pass / Fail / N/A,True,False,2
dry_riser_system,Dry Riser System Checklist,DR,b_general_riser_inspection,B. General Riser Inspection,dry_riser_system_q0003,Ensure canvas hoses are in good condition,status,Pass / Fail / N/A,True,False,3
dry_riser_system,Dry Riser System Checklist,DR,b_general_riser_inspection,B. General Riser Inspection,dry_riser_system_q0004,Ensure nozzle is in good condition,status,Pass / Fail / N/A,True,False,4
dry_riser_system,Dry Riser System Checklist,DR,b_general_riser_inspection,B. General Riser Inspection,dry_riser_system_q0005,Ensure all valves are shut when not in use,status,Pass / Fail / N/A,True,False,5
dry_riser_system,Dry Riser System Checklist,DR,b_general_riser_inspection,B. General Riser Inspection,dry_riser_system_q0006,Ensure bleeding valves are opened for releasing air-lock,status,Pass / Fail / N/A,True,False,6
dry_riser_system,Dry Riser System Checklist,DR,b_general_riser_inspection,B. General Riser Inspection,dry_riser_system_q0007,Check breeching inlet to system available,status,Pass / Fail / N/A,True,False,7
dry_riser_system,Dry Riser System Checklist,DR,b_general_riser_inspection,B. General Riser Inspection,dry_riser_system_q0008,Ensure breeching inlet is in good condition,status,Pass / Fail / N/A,True,False,8
dry_riser_system,Dry Riser System Checklist,DR,c_quantity_summary,C. Quantity Summary,dry_riser_system_q0009,Dry / Wet Outlet,text,Text,False,False,9
dry_riser_system,Dry Riser System Checklist,DR,f_breeching_inlet_detailed_check,F. Breeching Inlet Detailed Check,dry_riser_system_q0010,Breeching inlet visible and accessible,status,Pass / Fail / N/A,True,False,10
dry_riser_system,Dry Riser System Checklist,DR,f_breeching_inlet_detailed_check,F. Breeching Inlet Detailed Check,dry_riser_system_q0011,Breeching inlet cap and chain condition,status,Pass / Fail / N/A,True,False,11
dry_riser_system,Dry Riser System Checklist,DR,f_breeching_inlet_detailed_check,F. Breeching Inlet Detailed Check,dry_riser_system_q0012,Breeching inlet valve condition,status,Pass / Fail / N/A,True,False,12
dry_riser_system,Dry Riser System Checklist,DR,f_breeching_inlet_detailed_check,F. Breeching Inlet Detailed Check,dry_riser_system_q0013,Breeching inlet signage / label condition,status,Pass / Fail / N/A,True,False,13
dry_riser_system,Dry Riser System Checklist,DR,f_breeching_inlet_detailed_check,F. Breeching Inlet Detailed Check,dry_riser_system_q0014,Breeching inlet cabinet condition if applicable,status,Pass / Fail / N/A,True,False,14
fire_alarm_control_panel,Fire Alarm Control Panel Checklist,FAP,c_master_control_panel_checks,C. Master Control Panel Checks,fire_alarm_control_panel_q0001,Check power supply of master control panel,status,Pass / Fail / N/A,True,False,1
fire_alarm_control_panel,Fire Alarm Control Panel Checklist,FAP,c_master_control_panel_checks,C. Master Control Panel Checks,fire_alarm_control_panel_q0002,Check standby battery condition,status,Pass / Fail / N/A,True,False,2
fire_alarm_control_panel,Fire Alarm Control Panel Checklist,FAP,c_master_control_panel_checks,C. Master Control Panel Checks,fire_alarm_control_panel_q0003,Check charger condition,status,Pass / Fail / N/A,True,False,3
fire_alarm_control_panel,Fire Alarm Control Panel Checklist,FAP,c_master_control_panel_checks,C. Master Control Panel Checks,fire_alarm_control_panel_q0004,Record battery voltage,number,Number / remark,False,False,4
fire_alarm_control_panel,Fire Alarm Control Panel Checklist,FAP,c_master_control_panel_checks,C. Master Control Panel Checks,fire_alarm_control_panel_q0005,Record charger voltage,number,Number / remark,False,False,5
fire_alarm_control_panel,Fire Alarm Control Panel Checklist,FAP,c_master_control_panel_checks,C. Master Control Panel Checks,fire_alarm_control_panel_q0006,Check panel normal / fault / isolate status,status,Pass / Fail / N/A,True,False,6
fire_alarm_control_panel,Fire Alarm Control Panel Checklist,FAP,c_master_control_panel_checks,C. Master Control Panel Checks,fire_alarm_control_panel_q0007,Check panel history / event log,text,Remark,False,False,7
fire_alarm_control_panel,Fire Alarm Control Panel Checklist,FAP,c_master_control_panel_checks,C. Master Control Panel Checks,fire_alarm_control_panel_q0008,Scroll/check panel display status,text,20-35 scroll / remark,False,False,8
fire_alarm_control_panel,Fire Alarm Control Panel Checklist,FAP,d_panel_function_test,D. Panel Function Test,fire_alarm_control_panel_q0009,Check control panel settings,status,Pass / Fail / N/A,True,False,9
fire_alarm_control_panel,Fire Alarm Control Panel Checklist,FAP,d_panel_function_test,D. Panel Function Test,fire_alarm_control_panel_q0010,Test mimic panel indication,status,Pass / Fail / N/A,True,False,10
fire_alarm_control_panel,Fire Alarm Control Panel Checklist,FAP,d_panel_function_test,D. Panel Function Test,fire_alarm_control_panel_q0011,Test mimic bulbs / LEDs,boolean_status,Yes / No / N/A,True,False,11
fire_alarm_control_panel,Fire Alarm Control Panel Checklist,FAP,d_panel_function_test,D. Panel Function Test,fire_alarm_control_panel_q0012,Test buzzer / sounder on panel,status,Pass / Fail / N/A,True,False,12
fire_alarm_control_panel,Fire Alarm Control Panel Checklist,FAP,d_panel_function_test,D. Panel Function Test,fire_alarm_control_panel_q0013,Check panel acknowledge / silence / reset function,status,Pass / Fail / N/A,True,False,13
fire_alarm_control_panel,Fire Alarm Control Panel Checklist,FAP,d_panel_function_test,D. Panel Function Test,fire_alarm_control_panel_q0014,Check zone indication correct on mimic,status,Pass / Fail / N/A,True,False,14
fire_alarm_control_panel,Fire Alarm Control Panel Checklist,FAP,e_field_device_test,E. Field Device Test,fire_alarm_control_panel_q0015,Check and test manual break glass / manual call point,status,Pass / Fail / N/A,True,False,15
fire_alarm_control_panel,Fire Alarm Control Panel Checklist,FAP,e_field_device_test,E. Field Device Test,fire_alarm_control_panel_q0016,Check and test smoke detectors,status,Pass / Fail / N/A,True,False,16
fire_alarm_control_panel,Fire Alarm Control Panel Checklist,FAP,e_field_device_test,E. Field Device Test,fire_alarm_control_panel_q0017,Check and test heat detectors,status,Pass / Fail / N/A,True,False,17
fire_alarm_control_panel,Fire Alarm Control Panel Checklist,FAP,e_field_device_test,E. Field Device Test,fire_alarm_control_panel_q0018,Check and test fire alarm bells / sounders,status,Pass / Fail / N/A,True,False,18
fire_alarm_control_panel,Fire Alarm Control Panel Checklist,FAP,e_field_device_test,E. Field Device Test,fire_alarm_control_panel_q0019,Check and test fire fighting pump indication,status,Pass / Fail / N/A,True,False,19
fire_alarm_control_panel,Fire Alarm Control Panel Checklist,FAP,e_field_device_test,E. Field Device Test,fire_alarm_control_panel_q0020,Check and test gas release system indication,status,Pass / Fail / N/A,True,False,20
fire_alarm_control_panel,Fire Alarm Control Panel Checklist,FAP,f_alarm_mode_interface_test,F. Alarm Mode Interface Test,fire_alarm_control_panel_q0021,Air-con shutdown works in alarm mode,status,Pass / Fail / N/A,True,False,21
fire_alarm_control_panel,Fire Alarm Control Panel Checklist,FAP,f_alarm_mode_interface_test,F. Alarm Mode Interface Test,fire_alarm_control_panel_q0022,Lift homing / lift interface works in alarm mode,status,Pass / Fail / N/A,True,False,22
fire_alarm_control_panel,Fire Alarm Control Panel Checklist,FAP,f_alarm_mode_interface_test,F. Alarm Mode Interface Test,fire_alarm_control_panel_q0023,Roller shutter interface works in alarm mode,status,Pass / Fail / N/A,True,False,23
fire_alarm_control_panel,Fire Alarm Control Panel Checklist,FAP,f_alarm_mode_interface_test,F. Alarm Mode Interface Test,fire_alarm_control_panel_q0024,Smoke spill fan starts / indicates correctly in alarm mode,status,Pass / Fail / N/A,True,False,24
fire_alarm_control_panel,Fire Alarm Control Panel Checklist,FAP,f_alarm_mode_interface_test,F. Alarm Mode Interface Test,fire_alarm_control_panel_q0025,Pressurizing fan starts / indicates correctly in alarm mode,status,Pass / Fail / N/A,True,False,25
fire_alarm_control_panel,Fire Alarm Control Panel Checklist,FAP,f_alarm_mode_interface_test,F. Alarm Mode Interface Test,fire_alarm_control_panel_q0026,Other fire alarm interfaces,text,Remark,False,False,26
fireman_intercom_system,Fireman Intercom System Checklist,FI,c_master_control_panel_checks,C. Master Control Panel Checks,fireman_intercom_system_q0001,Check power supply of master control panel,status,Pass / Fail / N/A,True,False,1
fireman_intercom_system,Fireman Intercom System Checklist,FI,c_master_control_panel_checks,C. Master Control Panel Checks,fireman_intercom_system_q0002,Check standby battery condition,status,Pass / Fail / N/A,True,False,2
fireman_intercom_system,Fireman Intercom System Checklist,FI,c_master_control_panel_checks,C. Master Control Panel Checks,fireman_intercom_system_q0003,Check battery charger condition,status,Pass / Fail / N/A,True,False,3
fireman_intercom_system,Fireman Intercom System Checklist,FI,c_master_control_panel_checks,C. Master Control Panel Checks,fireman_intercom_system_q0004,Record battery voltage,number,Number / V,False,False,4
fireman_intercom_system,Fireman Intercom System Checklist,FI,c_master_control_panel_checks,C. Master Control Panel Checks,fireman_intercom_system_q0005,Record charger voltage,number,Number / V,False,False,5
fireman_intercom_system,Fireman Intercom System Checklist,FI,c_master_control_panel_checks,C. Master Control Panel Checks,fireman_intercom_system_q0006,Check control panel setting / master intercom set,status,Pass / Fail / N/A,True,False,6
fireman_intercom_system,Fireman Intercom System Checklist,FI,c_master_control_panel_checks,C. Master Control Panel Checks,fireman_intercom_system_q0007,Check panel control operation,status,Pass / Fail / N/A,True,False,7
fireman_intercom_system,Fireman Intercom System Checklist,FI,c_master_control_panel_checks,C. Master Control Panel Checks,fireman_intercom_system_q0008,Check CPU operation,status,Pass / Fail / N/A,True,False,8
fireman_intercom_system,Fireman Intercom System Checklist,FI,c_master_control_panel_checks,C. Master Control Panel Checks,fireman_intercom_system_q0009,Check panel indicators / fault display,status,Pass / Fail / N/A,True,False,9
fireman_intercom_system,Fireman Intercom System Checklist,FI,d_communication_test,D. Communication Test,fireman_intercom_system_q0010,Test speech from master to slave handset,status,Pass / Fail / N/A,True,False,10
fireman_intercom_system,Fireman Intercom System Checklist,FI,d_communication_test,D. Communication Test,fireman_intercom_system_q0011,Test speech from slave to master handset,status,Pass / Fail / N/A,True,False,11
fireman_intercom_system,Fireman Intercom System Checklist,FI,d_communication_test,D. Communication Test,fireman_intercom_system_q0012,Check call tone / call indication,status,Pass / Fail / N/A,True,False,12
fireman_intercom_system,Fireman Intercom System Checklist,FI,d_communication_test,D. Communication Test,fireman_intercom_system_q0013,Check handset audio clarity,status,Pass / Fail / N/A,True,False,13
fireman_intercom_system,Fireman Intercom System Checklist,FI,d_communication_test,D. Communication Test,fireman_intercom_system_q0014,Check handset hook / cradle condition,status,Pass / Fail / N/A,True,False,14
fireman_intercom_system,Fireman Intercom System Checklist,FI,e_quantity_summary,E. Quantity Summary,fireman_intercom_system_q0015,Master,text,Text,False,False,15
fireman_intercom_system,Fireman Intercom System Checklist,FI,e_quantity_summary,E. Quantity Summary,fireman_intercom_system_q0016,Slave,text,Text,False,False,16
gas_release_system,Gas Release System Checklist,GAS,c_master_control_panel_checks,C. Master Control Panel Checks,gas_release_system_q0001,Check power supply of master control panel,status,Pass / Fail / N/A,True,False,1
gas_release_system,Gas Release System Checklist,GAS,c_master_control_panel_checks,C. Master Control Panel Checks,gas_release_system_q0002,Check standby battery condition,status,Pass / Fail / N/A,True,False,2
gas_release_system,Gas Release System Checklist,GAS,c_master_control_panel_checks,C. Master Control Panel Checks,gas_release_system_q0003,Check battery charger condition,status,Pass / Fail / N/A,True,False,3
gas_release_system,Gas Release System Checklist,GAS,c_master_control_panel_checks,C. Master Control Panel Checks,gas_release_system_q0004,Record battery voltage,number,Number / V,False,False,4
gas_release_system,Gas Release System Checklist,GAS,c_master_control_panel_checks,C. Master Control Panel Checks,gas_release_system_q0005,Record charger voltage,number,Number / V,False,False,5
gas_release_system,Gas Release System Checklist,GAS,c_master_control_panel_checks,C. Master Control Panel Checks,gas_release_system_q0006,Check control panel setting,status,Pass / Fail / N/A,True,False,6
gas_release_system,Gas Release System Checklist,GAS,c_master_control_panel_checks,C. Master Control Panel Checks,gas_release_system_q0007,Test panel bulbs / LEDs,status,Pass / Fail / N/A,True,False,7
gas_release_system,Gas Release System Checklist,GAS,c_master_control_panel_checks,C. Master Control Panel Checks,gas_release_system_q0008,Check panel control operation,status,Pass / Fail / N/A,True,False,8
gas_release_system,Gas Release System Checklist,GAS,c_master_control_panel_checks,C. Master Control Panel Checks,gas_release_system_q0009,Check CPU operation,status,Pass / Fail / N/A,True,False,9
gas_release_system,Gas Release System Checklist,GAS,d_isolation_confirmation,D. Isolation Confirmation,gas_release_system_q0010,Gas discharge switch isolated,boolean_status,Yes / No,True,False,10
gas_release_system,Gas Release System Checklist,GAS,d_isolation_confirmation,D. Isolation Confirmation,gas_release_system_q0011,Discharge cable removed,boolean_status,Yes / No,True,False,11
gas_release_system,Gas Release System Checklist,GAS,d_isolation_confirmation,D. Isolation Confirmation,gas_release_system_q0012,Discharge cable not short circuited,boolean_status,Yes / No,True,False,12
gas_release_system,Gas Release System Checklist,GAS,d_isolation_confirmation,D. Isolation Confirmation,gas_release_system_q0013,Pyrocharge / solenoid head removed,boolean_status,Yes / No,True,False,13
gas_release_system,Gas Release System Checklist,GAS,d_isolation_confirmation,D. Isolation Confirmation,gas_release_system_q0014,Discharge risk confirmed safe before alarm test,boolean_status,Yes / No,True,False,14
gas_release_system,Gas Release System Checklist,GAS,e_test_alarm_discharge_delay_simulation,E. Test Alarm / Discharge Delay Simulation,gas_release_system_q0015,Turn knob to Test Alarm for 2-zone operation,status,Pass / Fail / N/A,True,False,15
gas_release_system,Gas Release System Checklist,GAS,e_test_alarm_discharge_delay_simulation,E. Test Alarm / Discharge Delay Simulation,gas_release_system_q0016,Confirm first zone alarm,status,Pass / Fail / N/A,True,False,16
gas_release_system,Gas Release System Checklist,GAS,e_test_alarm_discharge_delay_simulation,E. Test Alarm / Discharge Delay Simulation,gas_release_system_q0017,Confirm second zone alarm,status,Pass / Fail / N/A,True,False,17
gas_release_system,Gas Release System Checklist,GAS,e_test_alarm_discharge_delay_simulation,E. Test Alarm / Discharge Delay Simulation,gas_release_system_q0018,Time the discharge delay,number,Seconds,False,False,18
gas_release_system,Gas Release System Checklist,GAS,e_test_alarm_discharge_delay_simulation,E. Test Alarm / Discharge Delay Simulation,gas_release_system_q0019,Confirm gas release delay is 20-30 seconds,status,Pass / Fail / N/A,True,False,19
gas_release_system,Gas Release System Checklist,GAS,e_test_alarm_discharge_delay_simulation,E. Test Alarm / Discharge Delay Simulation,gas_release_system_q0020,Confirm panel discharge indication works,status,Pass / Fail / N/A,True,False,20
gas_release_system,Gas Release System Checklist,GAS,f_alarm_interface_device_test,F. Alarm / Interface Device Test,gas_release_system_q0021,"Check all tripping devices, fan / fire curtain",status,Pass / Fail / N/A,True,False,21
gas_release_system,Gas Release System Checklist,GAS,f_alarm_interface_device_test,F. Alarm / Interface Device Test,gas_release_system_q0022,Check alarm bell,status,Pass / Fail / N/A,True,False,22
gas_release_system,Gas Release System Checklist,GAS,f_alarm_interface_device_test,F. Alarm / Interface Device Test,gas_release_system_q0023,Check manual key switch,status,Pass / Fail / N/A,True,False,23
gas_release_system,Gas Release System Checklist,GAS,f_alarm_interface_device_test,F. Alarm / Interface Device Test,gas_release_system_q0024,Check manual puller,status,Pass / Fail / N/A,True,False,24
gas_release_system,Gas Release System Checklist,GAS,f_alarm_interface_device_test,F. Alarm / Interface Device Test,gas_release_system_q0025,Check flashing light indication,status,Pass / Fail / N/A,True,False,25
gas_release_system,Gas Release System Checklist,GAS,f_alarm_interface_device_test,F. Alarm / Interface Device Test,gas_release_system_q0026,Check warning signage / sounder if applicable,status,Pass / Fail / N/A,True,False,26
gas_release_system,Gas Release System Checklist,GAS,g_reset_and_restoration,G. Reset And Restoration,gas_release_system_q0027,Reset panel to normal condition,status,Pass / Fail / N/A,True,False,27
gas_release_system,Gas Release System Checklist,GAS,g_reset_and_restoration,G. Reset And Restoration,gas_release_system_q0028,Wait 10 seconds before reconnecting discharge cable,boolean_status,Yes / No,True,False,28
gas_release_system,Gas Release System Checklist,GAS,g_reset_and_restoration,G. Reset And Restoration,gas_release_system_q0029,Reconnect discharge cable after panel normal,status,Pass / Fail / N/A,True,False,29
gas_release_system,Gas Release System Checklist,GAS,g_reset_and_restoration,G. Reset And Restoration,gas_release_system_q0030,Reinstall pyrocharge / solenoid head,status,Pass / Fail / N/A,True,False,30
gas_release_system,Gas Release System Checklist,GAS,g_reset_and_restoration,G. Reset And Restoration,gas_release_system_q0031,Restore gas discharge switch to normal,status,Pass / Fail / N/A,True,False,31
gas_release_system,Gas Release System Checklist,GAS,g_reset_and_restoration,G. Reset And Restoration,gas_release_system_q0032,Confirm panel normal status after restoration,status,Pass / Fail / N/A,True,False,32
hose_reel_system,Hose Reel System Checklist,HR_SYSTEM,c_water_supply_and_tank,C. Water Supply And Tank,hose_reel_system_q0001,Check hose reel water tank condition,status,Pass / Fail / N/A,True,False,1
hose_reel_system,Hose Reel System Checklist,HR_SYSTEM,c_water_supply_and_tank,C. Water Supply And Tank,hose_reel_system_q0002,Check incoming water supply,status,Pass / Fail / N/A,True,False,2
hose_reel_system,Hose Reel System Checklist,HR_SYSTEM,c_water_supply_and_tank,C. Water Supply And Tank,hose_reel_system_q0003,Check tank water level,status,Pass / Fail / N/A,True,False,3
hose_reel_system,Hose Reel System Checklist,HR_SYSTEM,c_water_supply_and_tank,C. Water Supply And Tank,hose_reel_system_q0004,Check tank float valve / make-up water if available,status,Pass / Fail / N/A,True,False,4
hose_reel_system,Hose Reel System Checklist,HR_SYSTEM,c_water_supply_and_tank,C. Water Supply And Tank,hose_reel_system_q0005,Check tank leakage / overflow condition,status,Pass / Fail / N/A,True,False,5
hose_reel_system,Hose Reel System Checklist,HR_SYSTEM,d_pump_valves_and_pipework,D. Pump Valves And Pipework,hose_reel_system_q0006,Check suction gate valve of duty pump at open position,status,Pass / Fail / N/A,True,False,6
hose_reel_system,Hose Reel System Checklist,HR_SYSTEM,d_pump_valves_and_pipework,D. Pump Valves And Pipework,hose_reel_system_q0007,Check delivery gate valve of duty pump at open position,status,Pass / Fail / N/A,True,False,7
hose_reel_system,Hose Reel System Checklist,HR_SYSTEM,d_pump_valves_and_pipework,D. Pump Valves And Pipework,hose_reel_system_q0008,Check suction gate valve of standby pump at open position,status,Pass / Fail / N/A,True,False,8
hose_reel_system,Hose Reel System Checklist,HR_SYSTEM,d_pump_valves_and_pipework,D. Pump Valves And Pipework,hose_reel_system_q0009,Check delivery gate valve of standby pump at open position,status,Pass / Fail / N/A,True,False,9
hose_reel_system,Hose Reel System Checklist,HR_SYSTEM,d_pump_valves_and_pipework,D. Pump Valves And Pipework,hose_reel_system_q0010,Check system piping condition,status,Pass / Fail / N/A,True,False,10
hose_reel_system,Hose Reel System Checklist,HR_SYSTEM,d_pump_valves_and_pipework,D. Pump Valves And Pipework,hose_reel_system_q0011,Check valves and fittings condition,status,Pass / Fail / N/A,True,False,11
hose_reel_system,Hose Reel System Checklist,HR_SYSTEM,d_pump_valves_and_pipework,D. Pump Valves And Pipework,hose_reel_system_q0012,Check for leakage at pipework / valves / fittings,status,Pass / Fail / N/A,True,False,12
hose_reel_system,Hose Reel System Checklist,HR_SYSTEM,e_pump_starter_panel,E. Pump Starter Panel,hose_reel_system_q0013,Check power supply of pump starter panel,status,Pass / Fail / N/A,True,False,13
hose_reel_system,Hose Reel System Checklist,HR_SYSTEM,e_pump_starter_panel,E. Pump Starter Panel,hose_reel_system_q0014,Measure phase L1-L2,number,Number / V,False,False,14
hose_reel_system,Hose Reel System Checklist,HR_SYSTEM,e_pump_starter_panel,E. Pump Starter Panel,hose_reel_system_q0015,Measure phase L2-L3,number,Number / V,False,False,15
hose_reel_system,Hose Reel System Checklist,HR_SYSTEM,e_pump_starter_panel,E. Pump Starter Panel,hose_reel_system_q0016,Measure phase L1-L3,number,Number / V,False,False,16
hose_reel_system,Hose Reel System Checklist,HR_SYSTEM,e_pump_starter_panel,E. Pump Starter Panel,hose_reel_system_q0017,Measure phase to neutral if applicable,number,Number / V,False,False,17
hose_reel_system,Hose Reel System Checklist,HR_SYSTEM,e_pump_starter_panel,E. Pump Starter Panel,hose_reel_system_q0018,Check pump starter panel setting,status,Pass / Fail / N/A,True,False,18
hose_reel_system,Hose Reel System Checklist,HR_SYSTEM,e_pump_starter_panel,E. Pump Starter Panel,hose_reel_system_q0019,Check indicator lamps / selector switch,status,Pass / Fail / N/A,True,False,19
hose_reel_system,Hose Reel System Checklist,HR_SYSTEM,e_pump_starter_panel,E. Pump Starter Panel,hose_reel_system_q0020,Check auto / manual selector condition,status,Pass / Fail / N/A,True,False,20
hose_reel_system,Hose Reel System Checklist,HR_SYSTEM,f_duty_pump_test,F. Duty Pump Test,hose_reel_system_q0021,Test run duty pump on manual mode,status,Pass / Fail / N/A,True,False,21
hose_reel_system,Hose Reel System Checklist,HR_SYSTEM,f_duty_pump_test,F. Duty Pump Test,hose_reel_system_q0022,Duty pump cut-in pressure,number,Number / PSI,False,False,22
hose_reel_system,Hose Reel System Checklist,HR_SYSTEM,f_duty_pump_test,F. Duty Pump Test,hose_reel_system_q0023,Duty pump cut-out pressure,number,Number / PSI,False,False,23
hose_reel_system,Hose Reel System Checklist,HR_SYSTEM,f_duty_pump_test,F. Duty Pump Test,hose_reel_system_q0024,Record duty pump running pressure,number,Number / bar or psi,False,False,24
hose_reel_system,Hose Reel System Checklist,HR_SYSTEM,f_duty_pump_test,F. Duty Pump Test,hose_reel_system_q0025,Record duty pump running current if measured,number,Number / A,False,False,25
hose_reel_system,Hose Reel System Checklist,HR_SYSTEM,f_duty_pump_test,F. Duty Pump Test,hose_reel_system_q0026,Test run duty pump on auto mode,status,Pass / Fail / N/A,True,False,26
hose_reel_system,Hose Reel System Checklist,HR_SYSTEM,f_duty_pump_test,F. Duty Pump Test,hose_reel_system_q0027,Check duty pump start/stop operation,status,Pass / Fail / N/A,True,False,27
hose_reel_system,Hose Reel System Checklist,HR_SYSTEM,f_duty_pump_test,F. Duty Pump Test,hose_reel_system_q0028,Check abnormal noise / vibration / overheating,status,Pass / Fail / N/A,True,False,28
hose_reel_system,Hose Reel System Checklist,HR_SYSTEM,g_standby_pump_diesel_engine_test,G. Standby Pump / Diesel Engine Test,hose_reel_system_q0029,Check starting battery condition,status,Pass / Fail / N/A,True,False,29
hose_reel_system,Hose Reel System Checklist,HR_SYSTEM,g_standby_pump_diesel_engine_test,G. Standby Pump / Diesel Engine Test,hose_reel_system_q0030,Check battery charger condition,status,Pass / Fail / N/A,True,False,30
hose_reel_system,Hose Reel System Checklist,HR_SYSTEM,g_standby_pump_diesel_engine_test,G. Standby Pump / Diesel Engine Test,hose_reel_system_q0031,Record battery voltage,number,Number / V,False,False,31
hose_reel_system,Hose Reel System Checklist,HR_SYSTEM,g_standby_pump_diesel_engine_test,G. Standby Pump / Diesel Engine Test,hose_reel_system_q0032,Check diesel engine fuel level,status,Pass / Fail / N/A,True,False,32
hose_reel_system,Hose Reel System Checklist,HR_SYSTEM,g_standby_pump_diesel_engine_test,G. Standby Pump / Diesel Engine Test,hose_reel_system_q0033,Check lubrication oil level,status,Pass / Fail / N/A,True,False,33
hose_reel_system,Hose Reel System Checklist,HR_SYSTEM,g_standby_pump_diesel_engine_test,G. Standby Pump / Diesel Engine Test,hose_reel_system_q0034,Check coolant level if applicable,status,Pass / Fail / N/A,True,False,34
hose_reel_system,Hose Reel System Checklist,HR_SYSTEM,g_standby_pump_diesel_engine_test,G. Standby Pump / Diesel Engine Test,hose_reel_system_q0035,Test run standby pump on manual mode,status,Pass / Fail / N/A,True,False,35
hose_reel_system,Hose Reel System Checklist,HR_SYSTEM,g_standby_pump_diesel_engine_test,G. Standby Pump / Diesel Engine Test,hose_reel_system_q0036,Standby pump cut-in pressure,number,Number / PSI,False,False,36
hose_reel_system,Hose Reel System Checklist,HR_SYSTEM,g_standby_pump_diesel_engine_test,G. Standby Pump / Diesel Engine Test,hose_reel_system_q0037,Standby pump cut-out pressure,number,Number / PSI,False,False,37
hose_reel_system,Hose Reel System Checklist,HR_SYSTEM,g_standby_pump_diesel_engine_test,G. Standby Pump / Diesel Engine Test,hose_reel_system_q0038,Record standby pump running pressure,number,Number / bar or psi,False,False,38
hose_reel_system,Hose Reel System Checklist,HR_SYSTEM,g_standby_pump_diesel_engine_test,G. Standby Pump / Diesel Engine Test,hose_reel_system_q0039,Test run standby pump on auto mode,status,Pass / Fail / N/A,True,False,39
hose_reel_system,Hose Reel System Checklist,HR_SYSTEM,g_standby_pump_diesel_engine_test,G. Standby Pump / Diesel Engine Test,hose_reel_system_q0040,Check abnormal noise / vibration / overheating,status,Pass / Fail / N/A,True,False,40
hose_reel_system,Hose Reel System Checklist,HR_SYSTEM,h_hose_reel_cabinet_hose_nozzle,H. Hose Reel Cabinet / Hose / Nozzle,hose_reel_system_q0041,Check all hose reel cabinet condition,status,Pass / Fail / N/A,True,False,41
hose_reel_system,Hose Reel System Checklist,HR_SYSTEM,h_hose_reel_cabinet_hose_nozzle,H. Hose Reel Cabinet / Hose / Nozzle,hose_reel_system_q0042,Check rubber hose condition,status,Pass / Fail / N/A,True,False,42
hose_reel_system,Hose Reel System Checklist,HR_SYSTEM,h_hose_reel_cabinet_hose_nozzle,H. Hose Reel Cabinet / Hose / Nozzle,hose_reel_system_q0043,Check hose reel drum condition,status,Pass / Fail / N/A,True,False,43
hose_reel_system,Hose Reel System Checklist,HR_SYSTEM,h_hose_reel_cabinet_hose_nozzle,H. Hose Reel Cabinet / Hose / Nozzle,hose_reel_system_q0044,Check nozzle condition,status,Pass / Fail / N/A,True,False,44
hose_reel_system,Hose Reel System Checklist,HR_SYSTEM,h_hose_reel_cabinet_hose_nozzle,H. Hose Reel Cabinet / Hose / Nozzle,hose_reel_system_q0045,Check valve condition,status,Pass / Fail / N/A,True,False,45
hose_reel_system,Hose Reel System Checklist,HR_SYSTEM,h_hose_reel_cabinet_hose_nozzle,H. Hose Reel Cabinet / Hose / Nozzle,hose_reel_system_q0046,Check signage / label condition,status,Pass / Fail / N/A,True,False,46
hose_reel_system,Hose Reel System Checklist,HR_SYSTEM,h_hose_reel_cabinet_hose_nozzle,H. Hose Reel Cabinet / Hose / Nozzle,hose_reel_system_q0047,Check obstruction / accessibility,status,Pass / Fail / N/A,True,False,47
hose_reel_system,Hose Reel System Checklist,HR_SYSTEM,i_hose_reel_auto_mode_test,I. Hose Reel Auto Mode Test,hose_reel_system_q0048,Test all hose reel on auto mode operation,status,Pass / Fail / N/A,True,False,48
hose_reel_system,Hose Reel System Checklist,HR_SYSTEM,i_hose_reel_auto_mode_test,I. Hose Reel Auto Mode Test,hose_reel_system_q0049,Confirm pump starts automatically when hose reel is opened,status,Pass / Fail / N/A,True,False,49
hose_reel_system,Hose Reel System Checklist,HR_SYSTEM,i_hose_reel_auto_mode_test,I. Hose Reel Auto Mode Test,hose_reel_system_q0050,Confirm water discharge at hose reel nozzle,status,Pass / Fail / N/A,True,False,50
hose_reel_system,Hose Reel System Checklist,HR_SYSTEM,i_hose_reel_auto_mode_test,I. Hose Reel Auto Mode Test,hose_reel_system_q0051,Confirm pressure is acceptable,status,Pass / Fail / N/A,True,False,51
hose_reel_system,Hose Reel System Checklist,HR_SYSTEM,i_hose_reel_auto_mode_test,I. Hose Reel Auto Mode Test,hose_reel_system_q0052,Confirm system restored after test,status,Pass / Fail / N/A,True,False,52
normal_hydrant,Normal Hydrant Checklist,HYD,b_general_hydrant_inspection,B. General Hydrant Inspection,normal_hydrant_q0001,Ensure pillar hydrants are not obstructed,status,Pass / Fail / N/A,True,False,1
normal_hydrant,Normal Hydrant Checklist,HYD,b_general_hydrant_inspection,B. General Hydrant Inspection,normal_hydrant_q0002,Ensure no unauthorized usage of hydrant is permitted,status,Pass / Fail / N/A,True,False,2
normal_hydrant,Normal Hydrant Checklist,HYD,b_general_hydrant_inspection,B. General Hydrant Inspection,normal_hydrant_q0003,Ensure cabinet key is in position,status,Pass / Fail / N/A,True,False,3
normal_hydrant,Normal Hydrant Checklist,HYD,b_general_hydrant_inspection,B. General Hydrant Inspection,normal_hydrant_q0004,Ensure cabinet glass is not broken,status,Pass / Fail / N/A,True,False,4
normal_hydrant,Normal Hydrant Checklist,HYD,b_general_hydrant_inspection,B. General Hydrant Inspection,normal_hydrant_q0005,Ensure canvas hose is kept in cabinet,status,Pass / Fail / N/A,True,False,5
normal_hydrant,Normal Hydrant Checklist,HYD,b_general_hydrant_inspection,B. General Hydrant Inspection,normal_hydrant_q0006,Ensure nozzle is kept in cabinet,status,Pass / Fail / N/A,True,False,6
normal_hydrant,Normal Hydrant Checklist,HYD,b_general_hydrant_inspection,B. General Hydrant Inspection,normal_hydrant_q0007,Ensure hydrant valve is shut when not in use,status,Pass / Fail / N/A,True,False,7
normal_hydrant,Normal Hydrant Checklist,HYD,b_general_hydrant_inspection,B. General Hydrant Inspection,normal_hydrant_q0008,Ensure canvas hose is in good condition,status,Pass / Fail / N/A,True,False,8
normal_hydrant,Normal Hydrant Checklist,HYD,b_general_hydrant_inspection,B. General Hydrant Inspection,normal_hydrant_q0009,Ensure nozzle is in good condition,status,Pass / Fail / N/A,True,False,9
normal_hydrant,Normal Hydrant Checklist,HYD,b_general_hydrant_inspection,B. General Hydrant Inspection,normal_hydrant_q0010,Ensure hydrant valve is in good condition,status,Pass / Fail / N/A,True,False,10
portable_fire_extinguisher,Portable Fire Extinguisher Checklist,EXT,b_general_extinguisher_inspection,B. General Extinguisher Inspection,portable_fire_extinguisher_q0001,Check all fire extinguishers are in designated places,status,Pass / Fail / N/A,True,False,1
portable_fire_extinguisher,Portable Fire Extinguisher Checklist,EXT,b_general_extinguisher_inspection,B. General Extinguisher Inspection,portable_fire_extinguisher_q0002,Check for physical damage,status,Pass / Fail / N/A,True,False,2
portable_fire_extinguisher,Portable Fire Extinguisher Checklist,EXT,b_general_extinguisher_inspection,B. General Extinguisher Inspection,portable_fire_extinguisher_q0003,Check for leakage,status,Pass / Fail / N/A,True,False,3
portable_fire_extinguisher,Portable Fire Extinguisher Checklist,EXT,b_general_extinguisher_inspection,B. General Extinguisher Inspection,portable_fire_extinguisher_q0004,Check for clogged nozzle,status,Pass / Fail / N/A,True,False,4
portable_fire_extinguisher,Portable Fire Extinguisher Checklist,EXT,b_general_extinguisher_inspection,B. General Extinguisher Inspection,portable_fire_extinguisher_q0005,Check safety pins are not removed,status,Pass / Fail / N/A,True,False,5
portable_fire_extinguisher,Portable Fire Extinguisher Checklist,EXT,b_general_extinguisher_inspection,B. General Extinguisher Inspection,portable_fire_extinguisher_q0006,Ensure fire extinguishers are in working condition,status,Pass / Fail / N/A,True,False,6
portable_fire_extinguisher,Portable Fire Extinguisher Checklist,EXT,b_general_extinguisher_inspection,B. General Extinguisher Inspection,portable_fire_extinguisher_q0007,Note date for annual Bomba inspection,date,Date / remark,False,False,7
portable_fire_extinguisher,Portable Fire Extinguisher Checklist,EXT,e_fire_certificate,E. Fire Certificate,portable_fire_extinguisher_q0008,Fire certificate applicable,boolean_status,N/A / Yes / No,True,False,8
portable_fire_extinguisher,Portable Fire Extinguisher Checklist,EXT,e_fire_certificate,E. Fire Certificate,portable_fire_extinguisher_q0009,"If yes, certificate expiry date",date,Date,False,False,9
portable_fire_extinguisher,Portable Fire Extinguisher Checklist,EXT,e_fire_certificate,E. Fire Certificate,portable_fire_extinguisher_q0010,Certificate photo required,boolean_status,Yes / No,True,False,10
pressurized_hydrant_system,Pressurized Hydrant System Checklist,HYD_PRESSURIZED,c_pillar_hydrant_general_inspection,C. Pillar Hydrant General Inspection,pressurized_hydrant_system_q0001,Ensure pillar hydrants are not obstructed,status,Pass / Fail / N/A,True,False,1
pressurized_hydrant_system,Pressurized Hydrant System Checklist,HYD_PRESSURIZED,c_pillar_hydrant_general_inspection,C. Pillar Hydrant General Inspection,pressurized_hydrant_system_q0002,Ensure no unauthorized usage of hydrant is permitted,status,Pass / Fail / N/A,True,False,2
pressurized_hydrant_system,Pressurized Hydrant System Checklist,HYD_PRESSURIZED,c_pillar_hydrant_general_inspection,C. Pillar Hydrant General Inspection,pressurized_hydrant_system_q0003,Ensure cabinet key is in position,status,Pass / Fail / N/A,True,False,3
pressurized_hydrant_system,Pressurized Hydrant System Checklist,HYD_PRESSURIZED,c_pillar_hydrant_general_inspection,C. Pillar Hydrant General Inspection,pressurized_hydrant_system_q0004,Ensure cabinet glass is not broken,status,Pass / Fail / N/A,True,False,4
pressurized_hydrant_system,Pressurized Hydrant System Checklist,HYD_PRESSURIZED,c_pillar_hydrant_general_inspection,C. Pillar Hydrant General Inspection,pressurized_hydrant_system_q0005,Ensure canvas hose is kept in cabinet,status,Pass / Fail / N/A,True,False,5
pressurized_hydrant_system,Pressurized Hydrant System Checklist,HYD_PRESSURIZED,c_pillar_hydrant_general_inspection,C. Pillar Hydrant General Inspection,pressurized_hydrant_system_q0006,Ensure nozzle is kept in cabinet,status,Pass / Fail / N/A,True,False,6
pressurized_hydrant_system,Pressurized Hydrant System Checklist,HYD_PRESSURIZED,c_pillar_hydrant_general_inspection,C. Pillar Hydrant General Inspection,pressurized_hydrant_system_q0007,Ensure hydrant valve is shut when not in use,status,Pass / Fail / N/A,True,False,7
pressurized_hydrant_system,Pressurized Hydrant System Checklist,HYD_PRESSURIZED,c_pillar_hydrant_general_inspection,C. Pillar Hydrant General Inspection,pressurized_hydrant_system_q0008,Ensure canvas hose is in good condition,status,Pass / Fail / N/A,True,False,8
pressurized_hydrant_system,Pressurized Hydrant System Checklist,HYD_PRESSURIZED,c_pillar_hydrant_general_inspection,C. Pillar Hydrant General Inspection,pressurized_hydrant_system_q0009,Ensure nozzle is in good condition,status,Pass / Fail / N/A,True,False,9
pressurized_hydrant_system,Pressurized Hydrant System Checklist,HYD_PRESSURIZED,c_pillar_hydrant_general_inspection,C. Pillar Hydrant General Inspection,pressurized_hydrant_system_q0010,Ensure hydrant valve is in good condition,status,Pass / Fail / N/A,True,False,10
pressurized_hydrant_system,Pressurized Hydrant System Checklist,HYD_PRESSURIZED,d_water_tank_and_supply,D. Water Tank And Supply,pressurized_hydrant_system_q0011,Check hydrant water storage tank condition,status,Pass / Fail / N/A,True,False,11
pressurized_hydrant_system,Pressurized Hydrant System Checklist,HYD_PRESSURIZED,d_water_tank_and_supply,D. Water Tank And Supply,pressurized_hydrant_system_q0012,Check incoming water supply,status,Pass / Fail / N/A,True,False,12
pressurized_hydrant_system,Pressurized Hydrant System Checklist,HYD_PRESSURIZED,d_water_tank_and_supply,D. Water Tank And Supply,pressurized_hydrant_system_q0013,Check tank water level,status,Pass / Fail / N/A,True,False,13
pressurized_hydrant_system,Pressurized Hydrant System Checklist,HYD_PRESSURIZED,d_water_tank_and_supply,D. Water Tank And Supply,pressurized_hydrant_system_q0014,Check tank float valve / make-up water if available,status,Pass / Fail / N/A,True,False,14
pressurized_hydrant_system,Pressurized Hydrant System Checklist,HYD_PRESSURIZED,d_water_tank_and_supply,D. Water Tank And Supply,pressurized_hydrant_system_q0015,Check tank leakage / overflow condition,status,Pass / Fail / N/A,True,False,15
pressurized_hydrant_system,Pressurized Hydrant System Checklist,HYD_PRESSURIZED,e_pump_valves_and_starter_panel,E. Pump Valves And Starter Panel,pressurized_hydrant_system_q0016,Check suction gate valve at open position,status,Pass / Fail / N/A,True,False,16
pressurized_hydrant_system,Pressurized Hydrant System Checklist,HYD_PRESSURIZED,e_pump_valves_and_starter_panel,E. Pump Valves And Starter Panel,pressurized_hydrant_system_q0017,Check delivery gate valve at open position,status,Pass / Fail / N/A,True,False,17
pressurized_hydrant_system,Pressurized Hydrant System Checklist,HYD_PRESSURIZED,e_pump_valves_and_starter_panel,E. Pump Valves And Starter Panel,pressurized_hydrant_system_q0018,Check power supply of pump starter panel,status,Pass / Fail / N/A,True,False,18
pressurized_hydrant_system,Pressurized Hydrant System Checklist,HYD_PRESSURIZED,e_pump_valves_and_starter_panel,E. Pump Valves And Starter Panel,pressurized_hydrant_system_q0019,Measure phase L1-L2,number,Number / V,False,False,19
pressurized_hydrant_system,Pressurized Hydrant System Checklist,HYD_PRESSURIZED,e_pump_valves_and_starter_panel,E. Pump Valves And Starter Panel,pressurized_hydrant_system_q0020,Measure phase L2-L3,number,Number / V,False,False,20
pressurized_hydrant_system,Pressurized Hydrant System Checklist,HYD_PRESSURIZED,e_pump_valves_and_starter_panel,E. Pump Valves And Starter Panel,pressurized_hydrant_system_q0021,Measure phase L1-L3,number,Number / V,False,False,21
pressurized_hydrant_system,Pressurized Hydrant System Checklist,HYD_PRESSURIZED,e_pump_valves_and_starter_panel,E. Pump Valves And Starter Panel,pressurized_hydrant_system_q0022,Check general setting of pump starter panel,status,Pass / Fail / N/A,True,False,22
pressurized_hydrant_system,Pressurized Hydrant System Checklist,HYD_PRESSURIZED,e_pump_valves_and_starter_panel,E. Pump Valves And Starter Panel,pressurized_hydrant_system_q0023,Check indicator lamps / selector switches,status,Pass / Fail / N/A,True,False,23
pressurized_hydrant_system,Pressurized Hydrant System Checklist,HYD_PRESSURIZED,g_duty_pump_test,G. Duty Pump Test,pressurized_hydrant_system_q0024,Test run duty pump on manual mode,status,Pass / Fail / N/A,True,False,24
pressurized_hydrant_system,Pressurized Hydrant System Checklist,HYD_PRESSURIZED,g_duty_pump_test,G. Duty Pump Test,pressurized_hydrant_system_q0025,Test run duty pump on auto mode,status,Pass / Fail / N/A,True,False,25
pressurized_hydrant_system,Pressurized Hydrant System Checklist,HYD_PRESSURIZED,g_duty_pump_test,G. Duty Pump Test,pressurized_hydrant_system_q0026,Duty pump cut-in pressure,number,Number / PSI,False,False,26
pressurized_hydrant_system,Pressurized Hydrant System Checklist,HYD_PRESSURIZED,g_duty_pump_test,G. Duty Pump Test,pressurized_hydrant_system_q0027,Duty pump cut-out pressure if available,number,Number / PSI,False,False,27
pressurized_hydrant_system,Pressurized Hydrant System Checklist,HYD_PRESSURIZED,g_duty_pump_test,G. Duty Pump Test,pressurized_hydrant_system_q0028,Record duty pump running pressure,number,Number / PSI,False,False,28
pressurized_hydrant_system,Pressurized Hydrant System Checklist,HYD_PRESSURIZED,g_duty_pump_test,G. Duty Pump Test,pressurized_hydrant_system_q0029,Check abnormal noise / vibration / overheating,status,Pass / Fail / N/A,True,False,29
pressurized_hydrant_system,Pressurized Hydrant System Checklist,HYD_PRESSURIZED,h_standby_pump_diesel_engine_test,H. Standby Pump / Diesel Engine Test,pressurized_hydrant_system_q0030,Check standby pump engine starting battery,status,Pass / Fail / N/A,True,False,30
pressurized_hydrant_system,Pressurized Hydrant System Checklist,HYD_PRESSURIZED,h_standby_pump_diesel_engine_test,H. Standby Pump / Diesel Engine Test,pressurized_hydrant_system_q0031,Check standby pump battery charger,status,Pass / Fail / N/A,True,False,31
pressurized_hydrant_system,Pressurized Hydrant System Checklist,HYD_PRESSURIZED,h_standby_pump_diesel_engine_test,H. Standby Pump / Diesel Engine Test,pressurized_hydrant_system_q0032,Record battery voltage,number,Number / V,False,False,32
pressurized_hydrant_system,Pressurized Hydrant System Checklist,HYD_PRESSURIZED,h_standby_pump_diesel_engine_test,H. Standby Pump / Diesel Engine Test,pressurized_hydrant_system_q0033,Check standby pump diesel engine fuel level,status,Pass / Fail / N/A,True,False,33
pressurized_hydrant_system,Pressurized Hydrant System Checklist,HYD_PRESSURIZED,h_standby_pump_diesel_engine_test,H. Standby Pump / Diesel Engine Test,pressurized_hydrant_system_q0034,Check standby pump diesel engine lubrication oil,status,Pass / Fail / N/A,True,False,34
pressurized_hydrant_system,Pressurized Hydrant System Checklist,HYD_PRESSURIZED,h_standby_pump_diesel_engine_test,H. Standby Pump / Diesel Engine Test,pressurized_hydrant_system_q0035,Check coolant level if applicable,status,Pass / Fail / N/A,True,False,35
pressurized_hydrant_system,Pressurized Hydrant System Checklist,HYD_PRESSURIZED,h_standby_pump_diesel_engine_test,H. Standby Pump / Diesel Engine Test,pressurized_hydrant_system_q0036,Test run standby pump on manual mode,status,Pass / Fail / N/A,True,False,36
pressurized_hydrant_system,Pressurized Hydrant System Checklist,HYD_PRESSURIZED,h_standby_pump_diesel_engine_test,H. Standby Pump / Diesel Engine Test,pressurized_hydrant_system_q0037,Test run standby pump on auto mode,status,Pass / Fail / N/A,True,False,37
pressurized_hydrant_system,Pressurized Hydrant System Checklist,HYD_PRESSURIZED,h_standby_pump_diesel_engine_test,H. Standby Pump / Diesel Engine Test,pressurized_hydrant_system_q0038,Standby pump cut-in pressure,number,Number / PSI,False,False,38
pressurized_hydrant_system,Pressurized Hydrant System Checklist,HYD_PRESSURIZED,h_standby_pump_diesel_engine_test,H. Standby Pump / Diesel Engine Test,pressurized_hydrant_system_q0039,Standby pump cut-out pressure if available,number,Number / PSI,False,False,39
pressurized_hydrant_system,Pressurized Hydrant System Checklist,HYD_PRESSURIZED,h_standby_pump_diesel_engine_test,H. Standby Pump / Diesel Engine Test,pressurized_hydrant_system_q0040,Check abnormal noise / vibration / overheating,status,Pass / Fail / N/A,True,False,40
pressurized_hydrant_system,Pressurized Hydrant System Checklist,HYD_PRESSURIZED,i_jockey_pump_test,I. Jockey Pump Test,pressurized_hydrant_system_q0041,Test run jockey pump on manual mode,status,Pass / Fail / N/A,True,False,41
pressurized_hydrant_system,Pressurized Hydrant System Checklist,HYD_PRESSURIZED,i_jockey_pump_test,I. Jockey Pump Test,pressurized_hydrant_system_q0042,Test run jockey pump on auto mode,status,Pass / Fail / N/A,True,False,42
pressurized_hydrant_system,Pressurized Hydrant System Checklist,HYD_PRESSURIZED,i_jockey_pump_test,I. Jockey Pump Test,pressurized_hydrant_system_q0043,Jockey pump cut-in pressure,number,Number / PSI,False,False,43
pressurized_hydrant_system,Pressurized Hydrant System Checklist,HYD_PRESSURIZED,i_jockey_pump_test,I. Jockey Pump Test,pressurized_hydrant_system_q0044,Jockey pump cut-out pressure,number,Number / PSI,False,False,44
pressurized_hydrant_system,Pressurized Hydrant System Checklist,HYD_PRESSURIZED,i_jockey_pump_test,I. Jockey Pump Test,pressurized_hydrant_system_q0045,Check jockey pump start/stop operation,status,Pass / Fail / N/A,True,False,45
pressurized_hydrant_system,Pressurized Hydrant System Checklist,HYD_PRESSURIZED,i_jockey_pump_test,I. Jockey Pump Test,pressurized_hydrant_system_q0046,Check abnormal noise / vibration / overheating,status,Pass / Fail / N/A,True,False,46
pressurized_hydrant_system,Pressurized Hydrant System Checklist,HYD_PRESSURIZED,j_zone_valve_inspection,J. Zone Valve Inspection,pressurized_hydrant_system_q0047,Check all zone isolating butterfly valves at open position,status,Pass / Fail / N/A,True,False,47
pressurized_hydrant_system,Pressurized Hydrant System Checklist,HYD_PRESSURIZED,j_zone_valve_inspection,J. Zone Valve Inspection,pressurized_hydrant_system_q0048,Check butterfly valve condition,status,Pass / Fail / N/A,True,False,48
pressurized_hydrant_system,Pressurized Hydrant System Checklist,HYD_PRESSURIZED,j_zone_valve_inspection,J. Zone Valve Inspection,pressurized_hydrant_system_q0049,Check valve accessibility,status,Pass / Fail / N/A,True,False,49
pressurized_hydrant_system,Pressurized Hydrant System Checklist,HYD_PRESSURIZED,j_zone_valve_inspection,J. Zone Valve Inspection,pressurized_hydrant_system_q0050,Check valve signage / label,status,Pass / Fail / N/A,True,False,50
sprinkler_system,Sprinkler System Checklist,SPK_SYSTEM,c_water_storage_tank_and_supply,C. Water Storage Tank And Supply,sprinkler_system_q0001,Check sprinkler water storage tank condition,status,Pass / Fail / N/A,True,False,1
sprinkler_system,Sprinkler System Checklist,SPK_SYSTEM,c_water_storage_tank_and_supply,C. Water Storage Tank And Supply,sprinkler_system_q0002,Check incoming water supply,status,Pass / Fail / N/A,True,False,2
sprinkler_system,Sprinkler System Checklist,SPK_SYSTEM,c_water_storage_tank_and_supply,C. Water Storage Tank And Supply,sprinkler_system_q0003,Check tank water level,status,Pass / Fail / N/A,True,False,3
sprinkler_system,Sprinkler System Checklist,SPK_SYSTEM,c_water_storage_tank_and_supply,C. Water Storage Tank And Supply,sprinkler_system_q0004,Check tank float valve / make-up water if available,status,Pass / Fail / N/A,True,False,4
sprinkler_system,Sprinkler System Checklist,SPK_SYSTEM,c_water_storage_tank_and_supply,C. Water Storage Tank And Supply,sprinkler_system_q0005,Check tank leakage / overflow condition,status,Pass / Fail / N/A,True,False,5
sprinkler_system,Sprinkler System Checklist,SPK_SYSTEM,d_pump_valves_and_starter_panel,D. Pump Valves And Starter Panel,sprinkler_system_q0006,Check suction gate valve at open position,status,Pass / Fail / N/A,True,False,6
sprinkler_system,Sprinkler System Checklist,SPK_SYSTEM,d_pump_valves_and_starter_panel,D. Pump Valves And Starter Panel,sprinkler_system_q0007,Check delivery gate valve at open position,status,Pass / Fail / N/A,True,False,7
sprinkler_system,Sprinkler System Checklist,SPK_SYSTEM,d_pump_valves_and_starter_panel,D. Pump Valves And Starter Panel,sprinkler_system_q0008,Check power supply of pump starter panel,status,Pass / Fail / N/A,True,False,8
sprinkler_system,Sprinkler System Checklist,SPK_SYSTEM,d_pump_valves_and_starter_panel,D. Pump Valves And Starter Panel,sprinkler_system_q0009,Measure phase L1-L2,number,Number / V,False,False,9
sprinkler_system,Sprinkler System Checklist,SPK_SYSTEM,d_pump_valves_and_starter_panel,D. Pump Valves And Starter Panel,sprinkler_system_q0010,Measure phase L2-L3,number,Number / V,False,False,10
sprinkler_system,Sprinkler System Checklist,SPK_SYSTEM,d_pump_valves_and_starter_panel,D. Pump Valves And Starter Panel,sprinkler_system_q0011,Measure phase L1-L3,number,Number / V,False,False,11
sprinkler_system,Sprinkler System Checklist,SPK_SYSTEM,d_pump_valves_and_starter_panel,D. Pump Valves And Starter Panel,sprinkler_system_q0012,Check general setting of pump starter panel,status,Pass / Fail / N/A,True,False,12
sprinkler_system,Sprinkler System Checklist,SPK_SYSTEM,d_pump_valves_and_starter_panel,D. Pump Valves And Starter Panel,sprinkler_system_q0013,Check indicator lamps / selector switches,status,Pass / Fail / N/A,True,False,13
sprinkler_system,Sprinkler System Checklist,SPK_SYSTEM,f_duty_pump_test,F. Duty Pump Test,sprinkler_system_q0014,Test run duty pump on manual mode,status,Pass / Fail / N/A,True,False,14
sprinkler_system,Sprinkler System Checklist,SPK_SYSTEM,f_duty_pump_test,F. Duty Pump Test,sprinkler_system_q0015,Test run duty pump on auto mode,status,Pass / Fail / N/A,True,False,15
sprinkler_system,Sprinkler System Checklist,SPK_SYSTEM,f_duty_pump_test,F. Duty Pump Test,sprinkler_system_q0016,Duty pump cut-in pressure,number,Number / PSI,False,False,16
sprinkler_system,Sprinkler System Checklist,SPK_SYSTEM,f_duty_pump_test,F. Duty Pump Test,sprinkler_system_q0017,Duty pump cut-out pressure if available,number,Number / PSI,False,False,17
sprinkler_system,Sprinkler System Checklist,SPK_SYSTEM,f_duty_pump_test,F. Duty Pump Test,sprinkler_system_q0018,Record duty pump running pressure,number,Number / PSI,False,False,18
sprinkler_system,Sprinkler System Checklist,SPK_SYSTEM,f_duty_pump_test,F. Duty Pump Test,sprinkler_system_q0019,Check abnormal noise / vibration / overheating,status,Pass / Fail / N/A,True,False,19
sprinkler_system,Sprinkler System Checklist,SPK_SYSTEM,g_standby_pump_diesel_engine_test,G. Standby Pump / Diesel Engine Test,sprinkler_system_q0020,Check standby pump engine starting battery,status,Pass / Fail / N/A,True,False,20
sprinkler_system,Sprinkler System Checklist,SPK_SYSTEM,g_standby_pump_diesel_engine_test,G. Standby Pump / Diesel Engine Test,sprinkler_system_q0021,Check standby pump battery charger,status,Pass / Fail / N/A,True,False,21
sprinkler_system,Sprinkler System Checklist,SPK_SYSTEM,g_standby_pump_diesel_engine_test,G. Standby Pump / Diesel Engine Test,sprinkler_system_q0022,Record battery voltage,number,Number / V,False,False,22
sprinkler_system,Sprinkler System Checklist,SPK_SYSTEM,g_standby_pump_diesel_engine_test,G. Standby Pump / Diesel Engine Test,sprinkler_system_q0023,Check diesel engine fuel level,status,Pass / Fail / N/A,True,False,23
sprinkler_system,Sprinkler System Checklist,SPK_SYSTEM,g_standby_pump_diesel_engine_test,G. Standby Pump / Diesel Engine Test,sprinkler_system_q0024,Check lubrication oil level,status,Pass / Fail / N/A,True,False,24
sprinkler_system,Sprinkler System Checklist,SPK_SYSTEM,g_standby_pump_diesel_engine_test,G. Standby Pump / Diesel Engine Test,sprinkler_system_q0025,Check coolant level if applicable,status,Pass / Fail / N/A,True,False,25
sprinkler_system,Sprinkler System Checklist,SPK_SYSTEM,g_standby_pump_diesel_engine_test,G. Standby Pump / Diesel Engine Test,sprinkler_system_q0026,Test run standby pump on manual mode,status,Pass / Fail / N/A,True,False,26
sprinkler_system,Sprinkler System Checklist,SPK_SYSTEM,g_standby_pump_diesel_engine_test,G. Standby Pump / Diesel Engine Test,sprinkler_system_q0027,Test run standby pump on auto mode,status,Pass / Fail / N/A,True,False,27
sprinkler_system,Sprinkler System Checklist,SPK_SYSTEM,g_standby_pump_diesel_engine_test,G. Standby Pump / Diesel Engine Test,sprinkler_system_q0028,Standby pump cut-in pressure,number,Number / PSI,False,False,28
sprinkler_system,Sprinkler System Checklist,SPK_SYSTEM,g_standby_pump_diesel_engine_test,G. Standby Pump / Diesel Engine Test,sprinkler_system_q0029,Standby pump cut-out pressure if available,number,Number / PSI,False,False,29
sprinkler_system,Sprinkler System Checklist,SPK_SYSTEM,g_standby_pump_diesel_engine_test,G. Standby Pump / Diesel Engine Test,sprinkler_system_q0030,Check abnormal noise / vibration / overheating,status,Pass / Fail / N/A,True,False,30
sprinkler_system,Sprinkler System Checklist,SPK_SYSTEM,h_jockey_pump_test,H. Jockey Pump Test,sprinkler_system_q0031,Test run jockey pump on manual mode,status,Pass / Fail / N/A,True,False,31
sprinkler_system,Sprinkler System Checklist,SPK_SYSTEM,h_jockey_pump_test,H. Jockey Pump Test,sprinkler_system_q0032,Test run jockey pump on auto mode,status,Pass / Fail / N/A,True,False,32
sprinkler_system,Sprinkler System Checklist,SPK_SYSTEM,h_jockey_pump_test,H. Jockey Pump Test,sprinkler_system_q0033,Jockey pump cut-in pressure,number,Number / PSI,False,False,33
sprinkler_system,Sprinkler System Checklist,SPK_SYSTEM,h_jockey_pump_test,H. Jockey Pump Test,sprinkler_system_q0034,Jockey pump cut-out pressure,number,Number / PSI,False,False,34
sprinkler_system,Sprinkler System Checklist,SPK_SYSTEM,h_jockey_pump_test,H. Jockey Pump Test,sprinkler_system_q0035,Check jockey pump start/stop operation,status,Pass / Fail / N/A,True,False,35
sprinkler_system,Sprinkler System Checklist,SPK_SYSTEM,h_jockey_pump_test,H. Jockey Pump Test,sprinkler_system_q0036,Check abnormal noise / vibration / overheating,status,Pass / Fail / N/A,True,False,36
sprinkler_system,Sprinkler System Checklist,SPK_SYSTEM,i_breeching_inlet_alarm_valve_main_valve,I. Breeching Inlet / Alarm Valve / Main Valve,sprinkler_system_q0037,Check breeching inlet to system available,status,Pass / Fail / N/A,True,False,37
sprinkler_system,Sprinkler System Checklist,SPK_SYSTEM,i_breeching_inlet_alarm_valve_main_valve,I. Breeching Inlet / Alarm Valve / Main Valve,sprinkler_system_q0038,Check breeching inlet condition,status,Pass / Fail / N/A,True,False,38
sprinkler_system,Sprinkler System Checklist,SPK_SYSTEM,i_breeching_inlet_alarm_valve_main_valve,I. Breeching Inlet / Alarm Valve / Main Valve,sprinkler_system_q0039,Check sprinkler alarm valves condition,status,Pass / Fail / N/A,True,False,39
sprinkler_system,Sprinkler System Checklist,SPK_SYSTEM,i_breeching_inlet_alarm_valve_main_valve,I. Breeching Inlet / Alarm Valve / Main Valve,sprinkler_system_q0040,Check main isolating valve at open position,status,Pass / Fail / N/A,True,False,40
sprinkler_system,Sprinkler System Checklist,SPK_SYSTEM,i_breeching_inlet_alarm_valve_main_valve,I. Breeching Inlet / Alarm Valve / Main Valve,sprinkler_system_q0041,Check alarm valve pressure gauge condition,status,Pass / Fail / N/A,True,False,41
sprinkler_system,Sprinkler System Checklist,SPK_SYSTEM,i_breeching_inlet_alarm_valve_main_valve,I. Breeching Inlet / Alarm Valve / Main Valve,sprinkler_system_q0042,Flow proving test at sprinkler alarm valves,status,Pass / Fail / N/A,True,False,42
sprinkler_system,Sprinkler System Checklist,SPK_SYSTEM,i_breeching_inlet_alarm_valve_main_valve,I. Breeching Inlet / Alarm Valve / Main Valve,sprinkler_system_q0043,Record pressure available during flow proving test,number,Number / PSI,False,False,43
sprinkler_system,Sprinkler System Checklist,SPK_SYSTEM,j_zone_valve_flow_switch,J. Zone Valve / Flow Switch,sprinkler_system_q0044,Check all zone isolating butterfly valves at open position,status,Pass / Fail / N/A,True,False,44
sprinkler_system,Sprinkler System Checklist,SPK_SYSTEM,j_zone_valve_flow_switch,J. Zone Valve / Flow Switch,sprinkler_system_q0045,Check butterfly valve supervisory switch if available,status,Pass / Fail / N/A,True,False,45
sprinkler_system,Sprinkler System Checklist,SPK_SYSTEM,j_zone_valve_flow_switch,J. Zone Valve / Flow Switch,sprinkler_system_q0046,Check flow switch operation,status,Pass / Fail / N/A,True,False,46
sprinkler_system,Sprinkler System Checklist,SPK_SYSTEM,j_zone_valve_flow_switch,J. Zone Valve / Flow Switch,sprinkler_system_q0047,Confirm fire alarm panel receives flow switch signal,status,Pass / Fail / N/A,True,False,47
tripping_system,Tripping System Checklist,TRIP,c_starter_panel_manual_test,C. Starter Panel / Manual Test,tripping_system_q0001,Check starter panel condition,status,Pass / Fail / N/A,True,False,1
tripping_system,Tripping System Checklist,TRIP,c_starter_panel_manual_test,C. Starter Panel / Manual Test,tripping_system_q0002,Test manual run operation,status,Pass / Fail / N/A,True,False,2
tripping_system,Tripping System Checklist,TRIP,c_starter_panel_manual_test,C. Starter Panel / Manual Test,tripping_system_q0003,Test manual stop operation,status,Pass / Fail / N/A,True,False,3
tripping_system,Tripping System Checklist,TRIP,c_starter_panel_manual_test,C. Starter Panel / Manual Test,tripping_system_q0004,Check selector switch condition,status,Pass / Fail / N/A,True,False,4
tripping_system,Tripping System Checklist,TRIP,c_starter_panel_manual_test,C. Starter Panel / Manual Test,tripping_system_q0005,Check indicator lamps / status,status,Pass / Fail / N/A,True,False,5
tripping_system,Tripping System Checklist,TRIP,d_fire_alarm_trigger_test,D. Fire Alarm Trigger Test,tripping_system_q0006,Activate alarm by triggering break glass / manual call point,status,Pass / Fail / N/A,True,False,6
tripping_system,Tripping System Checklist,TRIP,d_fire_alarm_trigger_test,D. Fire Alarm Trigger Test,tripping_system_q0007,Activate alarm by triggering smoke detector if required,status,Pass / Fail / N/A,True,False,7
tripping_system,Tripping System Checklist,TRIP,d_fire_alarm_trigger_test,D. Fire Alarm Trigger Test,tripping_system_q0008,Check indication at main fire control panel,status,Pass / Fail / N/A,True,False,8
tripping_system,Tripping System Checklist,TRIP,d_fire_alarm_trigger_test,D. Fire Alarm Trigger Test,tripping_system_q0009,Record alarm zone / device triggered,text,Text,False,False,9
tripping_system,Tripping System Checklist,TRIP,e_interface_tripping_activation_test,E. Interface / Tripping Activation Test,tripping_system_q0010,Check fan activation in fire mode,status,Pass / Fail / N/A,True,False,10
tripping_system,Tripping System Checklist,TRIP,e_interface_tripping_activation_test,E. Interface / Tripping Activation Test,tripping_system_q0011,Check roller shutter activation in fire mode,status,Pass / Fail / N/A,True,False,11
tripping_system,Tripping System Checklist,TRIP,e_interface_tripping_activation_test,E. Interface / Tripping Activation Test,tripping_system_q0012,Check other equipment activation in fire mode,status,Pass / Fail / N/A,True,False,12
tripping_system,Tripping System Checklist,TRIP,e_interface_tripping_activation_test,E. Interface / Tripping Activation Test,tripping_system_q0013,Record time taken to activate,number,Seconds,False,False,13
tripping_system,Tripping System Checklist,TRIP,e_interface_tripping_activation_test,E. Interface / Tripping Activation Test,tripping_system_q0014,Check relay deactivation after reset,status,Pass / Fail / N/A,True,False,14
tripping_system,Tripping System Checklist,TRIP,f_reset_and_restoration,F. Reset And Restoration,tripping_system_q0015,Isolate alarm where required before reset,status,Pass / Fail / N/A,True,False,15
tripping_system,Tripping System Checklist,TRIP,f_reset_and_restoration,F. Reset And Restoration,tripping_system_q0016,Reset fire alarm panel,status,Pass / Fail / N/A,True,False,16
tripping_system,Tripping System Checklist,TRIP,f_reset_and_restoration,F. Reset And Restoration,tripping_system_q0017,Wait for relay to deactivate,status,Pass / Fail / N/A,True,False,17
tripping_system,Tripping System Checklist,TRIP,f_reset_and_restoration,F. Reset And Restoration,tripping_system_q0018,Ensure selector switches are set back to Auto,status,Pass / Fail / N/A,True,False,18
tripping_system,Tripping System Checklist,TRIP,f_reset_and_restoration,F. Reset And Restoration,tripping_system_q0019,Confirm equipment restored to normal condition,status,Pass / Fail / N/A,True,False,19
tripping_system,Tripping System Checklist,TRIP,f_reset_and_restoration,F. Reset And Restoration,tripping_system_q0020,Confirm main fire alarm panel normal,status,Pass / Fail / N/A,True,False,20
